{
  "train_loss": [
    0.4692330361576751,
    0.32165932883718695,
    0.022011330554960296,
    0.0016826301716703382,
    0.0011536099456320849,
    0.0003112960916248846,
    2.6176727087416176e-06,
    6.562430771893544e-06,
    1.3631181216740746e-06,
    1.2190655188278516e-06
  ],
  "val_loss": [
    1.7936826646327972,
    0.2061160635203123,
    0.07555107120424509,
    0.4909457750618458,
    0.3441393335815519,
    0.3443337900098413,
    0.35133666014371556,
    0.3485688273940468,
    0.3464621054372401,
    0.3456502441877092
  ],
  "val_accuracy": [
    0.8319327731092437,
    0.9411764705882353,
    0.9831932773109243,
    0.9243697478991597,
    0.9495798319327731,
    0.9663865546218487,
    0.9747899159663865,
    0.9747899159663865,
    0.9747899159663865,
    0.9747899159663865
  ]
}